Global Company Key,Data Date,Fiscal Year,Fiscal Quarter,Industry Format,Level of Consolidation - Company Interim Descriptor,Population Source,Data Format,Ticker Symbol,Company Name,ISO Currency Code,Calendar Data Year and Quarter,Fiscal Data Year and Quarter,Active/Inactive Status Marker,Market Value - Total
001690,2008-03-31,2008,2,INDL,C,D,STD,AAPL,APPLE INC,USD,2008Q1,2008Q2,A,126485.3485
001690,2008-06-30,2008,3,INDL,C,D,STD,AAPL,APPLE INC,USD,2008Q2,2008Q3,A,148309.4777
001690,2008-09-30,2008,4,INDL,C,D,STD,AAPL,APPLE INC,USD,2008Q3,2008Q4,A,100967.1332
001690,2008-12-31,2009,1,INDL,C,D,STD,AAPL,APPLE INC,USD,2008Q4,2009Q1,A,75996.9203
001690,2009-03-31,2009,2,INDL,C,D,STD,AAPL,APPLE INC,USD,2009Q1,2009Q2,A,93757.7894
001690,2009-06-30,2009,3,INDL,C,D,STD,AAPL,APPLE INC,USD,2009Q2,2009Q3,A,127579.5361
001690,2009-09-30,2009,4,INDL,C,D,STD,AAPL,APPLE INC,USD,2009Q3,2009Q4,A,166779.0421
001690,2009-12-31,2010,1,INDL,C,D,STD,AAPL,APPLE INC,USD,2009Q4,2010Q1,A,190982.6184
001690,2010-03-31,2010,2,INDL,C,D,STD,AAPL,APPLE INC,USD,2010Q1,2010Q2,A,213764.46
001690,2010-06-30,2010,3,INDL,C,D,STD,AAPL,APPLE INC,USD,2010Q2,2010Q3,A,229768.1275
001690,2010-09-30,2010,4,INDL,C,D,STD,AAPL,APPLE INC,USD,2010Q3,2010Q4,A,259906.4875
001690,2010-12-31,2011,1,INDL,C,D,STD,AAPL,APPLE INC,USD,2010Q4,2011Q1,A,297089.0496
001690,2011-03-31,2011,2,INDL,C,D,STD,AAPL,APPLE INC,USD,2011Q1,2011Q2,A,322255.8241
001690,2011-06-30,2011,3,INDL,C,D,STD,AAPL,APPLE INC,USD,2011Q2,2011Q3,A,311133.8657
001690,2011-09-30,2011,4,INDL,C,D,STD,AAPL,APPLE INC,USD,2011Q3,2011Q4,A,354351.9056
001690,2011-12-31,2012,1,INDL,C,D,STD,AAPL,APPLE INC,USD,2011Q4,2012Q1,A,377546.67
001690,2012-03-31,2012,2,INDL,C,D,STD,AAPL,APPLE INC,USD,2012Q1,2012Q2,A,560568.4581
001690,2012-06-30,2012,3,INDL,C,D,STD,AAPL,APPLE INC,USD,2012Q2,2012Q3,A,547363.344
001690,2012-09-30,2012,4,INDL,C,D,STD,AAPL,APPLE INC,USD,2012Q3,2012Q4,A,626550.3528
001690,2012-12-31,2013,1,INDL,C,D,STD,AAPL,APPLE INC,USD,2012Q4,2013Q1,A,499695.9844
001690,2013-03-31,2013,2,INDL,C,D,STD,AAPL,APPLE INC,USD,2013Q1,2013Q2,A,416142.01
001690,2013-06-30,2013,3,INDL,C,D,STD,AAPL,APPLE INC,USD,2013Q2,2013Q3,A,360224.5063
001690,2013-09-30,2013,4,INDL,C,D,STD,AAPL,APPLE INC,USD,2013Q3,2013Q4,A,428699.7978
001690,2013-12-31,2014,1,INDL,C,D,STD,AAPL,APPLE INC,USD,2013Q4,2014Q1,A,500680.6159
001690,2014-03-31,2014,2,INDL,C,D,STD,AAPL,APPLE INC,USD,2014Q1,2014Q2,A,462533.0113
001690,2014-06-30,2014,3,INDL,C,D,STD,AAPL,APPLE INC,USD,2014Q2,2014Q3,A,556573.661
001690,2014-09-30,2014,4,INDL,C,D,STD,AAPL,APPLE INC,USD,2014Q3,2014Q4,A,591015.7208
001690,2014-12-31,2015,1,INDL,C,D,STD,AAPL,APPLE INC,USD,2014Q4,2015Q1,A,643120.1292
001690,2015-03-31,2015,2,INDL,C,D,STD,AAPL,APPLE INC,USD,2015Q1,2015Q2,A,717000.2515
001690,2015-06-30,2015,3,INDL,C,D,STD,AAPL,APPLE INC,USD,2015Q2,2015Q3,A,715599.795
001690,2015-09-30,2015,4,INDL,C,D,STD,AAPL,APPLE INC,USD,2015Q3,2015Q4,A,615336.4559
001690,2015-12-31,2016,1,INDL,C,D,STD,AAPL,APPLE INC,USD,2015Q4,2016Q1,A,583612.7016
001690,2016-03-31,2016,2,INDL,C,D,STD,AAPL,APPLE INC,USD,2016Q1,2016Q2,A,597095.8295
001690,2016-06-30,2016,3,INDL,C,D,STD,AAPL,APPLE INC,USD,2016Q2,2016Q3,A,515586.574
001690,2016-09-30,2016,4,INDL,C,D,STD,AAPL,APPLE INC,USD,2016Q3,2016Q4,A,603253.5663
001690,2016-12-31,2017,1,INDL,C,D,STD,AAPL,APPLE INC,USD,2016Q4,2017Q1,A,608683.0919
001690,2017-03-31,2017,2,INDL,C,D,STD,AAPL,APPLE INC,USD,2017Q1,2017Q2,A,747867.3829
001690,2017-06-30,2017,3,INDL,C,D,STD,AAPL,APPLE INC,USD,2017Q2,2017Q3,A,744552.0036
001690,2017-09-30,2017,4,INDL,C,D,STD,AAPL,APPLE INC,USD,2017Q3,2017Q4,A,790050.0981
001690,2017-12-31,2018,1,INDL,C,D,STD,AAPL,APPLE INC,USD,2017Q4,2018Q1,A,859967.7987
001690,2018-03-31,2018,2,INDL,C,D,STD,AAPL,APPLE INC,USD,2018Q1,2018Q2,A,829383.854
001690,2018-06-30,2018,3,INDL,C,D,STD,AAPL,APPLE INC,USD,2018Q2,2018Q3,A,896472.3659
001690,2018-09-30,2018,4,INDL,C,D,STD,AAPL,APPLE INC,USD,2018Q3,2018Q4,A,1073390.54
001690,2018-12-31,2019,1,INDL,C,D,STD,AAPL,APPLE INC,USD,2018Q4,2019Q1,A,746079.1252
001690,2019-03-31,2019,2,INDL,C,D,STD,AAPL,APPLE INC,USD,2019Q1,2019Q2,A,875153.5958
001690,2019-06-30,2019,3,INDL,C,D,STD,AAPL,APPLE INC,USD,2019Q2,2019Q3,A,896853.6984
001690,2019-09-30,2019,4,INDL,C,D,STD,AAPL,APPLE INC,USD,2019Q3,2019Q4,A,995151.5669
001690,2019-12-31,2020,1,INDL,C,D,STD,AAPL,APPLE INC,USD,2019Q4,2020Q1,A,1287643.21
001690,2020-03-31,2020,2,INDL,C,D,STD,AAPL,APPLE INC,USD,2020Q1,2020Q2,A,1099546.654
001690,2020-06-30,2020,3,INDL,C,D,STD,AAPL,APPLE INC,USD,2020Q2,2020Q3,A,1562780.947
001690,2020-09-30,2020,4,INDL,C,D,STD,AAPL,APPLE INC,USD,2020Q3,2020Q4,A,1966078.923
001690,2020-12-31,2021,1,INDL,C,D,STD,AAPL,APPLE INC,USD,2020Q4,2021Q1,A,2232278.768
001690,2021-03-31,2021,2,INDL,C,D,STD,AAPL,APPLE INC,USD,2021Q1,2021Q2,A,2038232.156
001690,2021-06-30,2021,3,INDL,C,D,STD,AAPL,APPLE INC,USD,2021Q2,2021Q3,A,2267638.776
001690,2021-09-30,2021,4,INDL,C,D,STD,AAPL,APPLE INC,USD,2021Q3,2021Q4,A,2324390.219
001690,2021-12-31,2022,1,INDL,C,D,STD,AAPL,APPLE INC,USD,2021Q4,2022Q1,A,2901644.912
001690,2022-03-31,2022,2,INDL,C,D,STD,AAPL,APPLE INC,USD,2022Q1,2022Q2,A,2830003.449
001690,2022-06-30,2022,3,INDL,C,D,STD,AAPL,APPLE INC,USD,2022Q2,2022Q3,A,2200560.08
001690,2022-09-30,2022,4,INDL,C,D,STD,AAPL,APPLE INC,USD,2022Q3,2022Q4,A,2203381.335
001690,2022-12-31,2023,1,INDL,C,D,STD,AAPL,APPLE INC,USD,2022Q4,2023Q1,A,2058403.942
001690,2023-03-31,2023,2,INDL,C,D,STD,AAPL,APPLE INC,USD,2023Q1,2023Q2,A,2592789.649
002968,2008-03-31,2008,1,INDL,C,D,STD,JPM,JPMORGAN CHASE & CO,USD,2008Q1,2008Q1,A,146066.2069
002968,2008-06-30,2008,2,INDL,C,D,STD,JPM,JPMORGAN CHASE & CO,USD,2008Q2,2008Q2,A,117880.5139
002968,2008-09-30,2008,3,INDL,C,D,STD,JPM,JPMORGAN CHASE & CO,USD,2008Q3,2008Q3,A,174048.4249
002968,2008-12-31,2008,4,INDL,C,D,STD,JPM,JPMORGAN CHASE & CO,USD,2008Q4,2008Q4,A,117695.2155
002968,2009-03-31,2009,1,INDL,C,D,STD,JPM,JPMORGAN CHASE & CO,USD,2009Q1,2009Q1,A,99880.5166
002968,2009-06-30,2009,2,INDL,C,D,STD,JPM,JPMORGAN CHASE & CO,USD,2009Q2,2009Q2,A,133852.2449
002968,2009-09-30,2009,3,INDL,C,D,STD,JPM,JPMORGAN CHASE & CO,USD,2009Q3,2009Q3,A,172595.9812
002968,2009-12-31,2009,4,INDL,C,D,STD,JPM,JPMORGAN CHASE & CO,USD,2009Q4,2009Q4,A,164261.4315
002968,2010-03-31,2010,1,INDL,C,D,STD,JPM,JPMORGAN CHASE & CO,USD,2010Q1,2010Q1,A,177897.181
002968,2010-06-30,2010,2,INDL,C,D,STD,JPM,JPMORGAN CHASE & CO,USD,2010Q2,2010Q2,A,145554.4407
002968,2010-09-30,2010,3,INDL,C,D,STD,JPM,JPMORGAN CHASE & CO,USD,2010Q3,2010Q3,A,149417.7749
002968,2010-12-31,2010,4,INDL,C,D,STD,JPM,JPMORGAN CHASE & CO,USD,2010Q4,2010Q4,A,165874.6715
002968,2011-03-31,2011,1,INDL,C,D,STD,JPM,JPMORGAN CHASE & CO,USD,2011Q1,2011Q1,A,183783.4125
002968,2011-06-30,2011,2,INDL,C,D,STD,JPM,JPMORGAN CHASE & CO,USD,2011Q2,2011Q2,A,160083.4242
002968,2011-09-30,2011,3,INDL,C,D,STD,JPM,JPMORGAN CHASE & CO,USD,2011Q3,2011Q3,A,114422.2957
002968,2011-12-31,2011,4,INDL,C,D,STD,JPM,JPMORGAN CHASE & CO,USD,2011Q4,2011Q4,A,125441.9758
002968,2012-03-31,2012,1,INDL,C,D,STD,JPM,JPMORGAN CHASE & CO,USD,2012Q1,2012Q1,A,175736.6175
002968,2012-06-30,2012,2,INDL,C,D,STD,JPM,JPMORGAN CHASE & CO,USD,2012Q2,2012Q2,A,135660.986
002968,2012-09-30,2012,3,INDL,C,D,STD,JPM,JPMORGAN CHASE & CO,USD,2012Q3,2012Q3,A,153806.1078
002968,2012-12-31,2012,4,INDL,C,D,STD,JPM,JPMORGAN CHASE & CO,USD,2012Q4,2012Q4,A,167256.3459
002968,2013-03-31,2013,1,INDL,C,D,STD,JPM,JPMORGAN CHASE & CO,USD,2013Q1,2013Q1,A,179862.8639
002968,2013-06-30,2013,2,INDL,C,D,STD,JPM,JPMORGAN CHASE & CO,USD,2013Q2,2013Q2,A,198966.4602
002968,2013-09-30,2013,3,INDL,C,D,STD,JPM,JPMORGAN CHASE & CO,USD,2013Q3,2013Q3,A,194312.4794
002968,2013-12-31,2013,4,INDL,C,D,STD,JPM,JPMORGAN CHASE & CO,USD,2013Q4,2013Q4,A,219657.1958
002968,2014-03-31,2014,1,INDL,C,D,STD,JPM,JPMORGAN CHASE & CO,USD,2014Q1,2014Q1,A,229769.9262
002968,2014-06-30,2014,2,INDL,C,D,STD,JPM,JPMORGAN CHASE & CO,USD,2014Q2,2014Q2,A,216725.0112
002968,2014-09-30,2014,3,INDL,C,D,STD,JPM,JPMORGAN CHASE & CO,USD,2014Q3,2014Q3,A,225188.5054
002968,2014-12-31,2014,4,INDL,C,D,STD,JPM,JPMORGAN CHASE & CO,USD,2014Q4,2014Q4,A,232471.4956
002968,2015-03-31,2015,1,INDL,C,D,STD,JPM,JPMORGAN CHASE & CO,USD,2015Q1,2015Q1,A,224817.6505
002968,2015-06-30,2015,2,INDL,C,D,STD,JPM,JPMORGAN CHASE & CO,USD,2015Q2,2015Q2,A,250581.0199
002968,2015-09-30,2015,3,INDL,C,D,STD,JPM,JPMORGAN CHASE & CO,USD,2015Q3,2015Q3,A,224438.4961
002968,2015-12-31,2015,4,INDL,C,D,STD,JPM,JPMORGAN CHASE & CO,USD,2015Q4,2015Q4,A,241899.2543
002968,2016-03-31,2016,1,INDL,C,D,STD,JPM,JPMORGAN CHASE & CO,USD,2016Q1,2016Q1,A,216547.346
002968,2016-06-30,2016,2,INDL,C,D,STD,JPM,JPMORGAN CHASE & CO,USD,2016Q2,2016Q2,A,224448.5615
002968,2016-09-30,2016,3,INDL,C,D,STD,JPM,JPMORGAN CHASE & CO,USD,2016Q3,2016Q3,A,238276.5998
002968,2016-12-31,2016,4,INDL,C,D,STD,JPM,JPMORGAN CHASE & CO,USD,2016Q4,2016Q4,A,307295.0851
002968,2017-03-31,2017,1,INDL,C,D,STD,JPM,JPMORGAN CHASE & CO,USD,2017Q1,2017Q1,A,312078.3034
002968,2017-06-30,2017,2,INDL,C,D,STD,JPM,JPMORGAN CHASE & CO,USD,2017Q2,2017Q2,A,321633.3096
002968,2017-09-30,2017,3,INDL,C,D,STD,JPM,JPMORGAN CHASE & CO,USD,2017Q3,2017Q3,A,331393.5303
002968,2017-12-31,2017,4,INDL,C,D,STD,JPM,JPMORGAN CHASE & CO,USD,2017Q4,2017Q4,A,366301.582
002968,2018-03-31,2018,1,INDL,C,D,STD,JPM,JPMORGAN CHASE & CO,USD,2018Q1,2018Q1,A,374423.3267
002968,2018-06-30,2018,2,INDL,C,D,STD,JPM,JPMORGAN CHASE & CO,USD,2018Q2,2018Q2,A,350204.1128
002968,2018-09-30,2018,3,INDL,C,D,STD,JPM,JPMORGAN CHASE & CO,USD,2018Q3,2018Q3,A,375239.3772
002968,2018-12-31,2018,4,INDL,C,D,STD,JPM,JPMORGAN CHASE & CO,USD,2018Q4,2018Q4,A,319780.2769
002968,2019-03-31,2019,1,INDL,C,D,STD,JPM,JPMORGAN CHASE & CO,USD,2019Q1,2019Q1,A,328387.3868
002968,2019-06-30,2019,2,INDL,C,D,STD,JPM,JPMORGAN CHASE & CO,USD,2019Q2,2019Q2,A,357478.823
002968,2019-09-30,2019,3,INDL,C,D,STD,JPM,JPMORGAN CHASE & CO,USD,2019Q3,2019Q3,A,369134.685
002968,2019-12-31,2019,4,INDL,C,D,STD,JPM,JPMORGAN CHASE & CO,USD,2019Q4,2019Q4,A,429912.5274
002968,2020-03-31,2020,1,INDL,C,D,STD,JPM,JPMORGAN CHASE & CO,USD,2020Q1,2020Q1,A,274323.4807
002968,2020-06-30,2020,2,INDL,C,D,STD,JPM,JPMORGAN CHASE & CO,USD,2020Q2,2020Q2,A,286657.7263
002968,2020-09-30,2020,3,INDL,C,D,STD,JPM,JPMORGAN CHASE & CO,USD,2020Q3,2020Q3,A,293450.5028
002968,2020-12-31,2020,4,INDL,C,D,STD,JPM,JPMORGAN CHASE & CO,USD,2020Q4,2020Q4,A,387491.5784
002968,2021-03-31,2021,1,INDL,C,D,STD,JPM,JPMORGAN CHASE & CO,USD,2021Q1,2021Q1,A,460819.6954
002968,2021-06-30,2021,2,INDL,C,D,STD,JPM,JPMORGAN CHASE & CO,USD,2021Q2,2021Q2,A,464777.6287
002968,2021-09-30,2021,3,INDL,C,D,STD,JPM,JPMORGAN CHASE & CO,USD,2021Q3,2021Q3,A,483747.4915
002968,2021-12-31,2021,4,INDL,C,D,STD,JPM,JPMORGAN CHASE & CO,USD,2021Q4,2021Q4,A,466205.9942
002968,2022-03-31,2022,1,INDL,C,D,STD,JPM,JPMORGAN CHASE & CO,USD,2022Q1,2022Q1,A,400378.656
002968,2022-06-30,2022,2,INDL,C,D,STD,JPM,JPMORGAN CHASE & CO,USD,2022Q2,2022Q2,A,330236.9329
002968,2022-09-30,2022,3,INDL,C,D,STD,JPM,JPMORGAN CHASE & CO,USD,2022Q3,2022Q3,A,306519.9225
002968,2022-12-31,2022,4,INDL,C,D,STD,JPM,JPMORGAN CHASE & CO,USD,2022Q4,2022Q4,A,393483.9978
002968,2023-03-31,2023,1,INDL,C,D,STD,JPM,JPMORGAN CHASE & CO,USD,2023Q1,2023Q1,A,380803.4796
003243,2008-03-31,2008,1,INDL,C,D,STD,C,CITIGROUP INC,USD,2008Q1,2008Q1,A,112451.4229
003243,2008-06-30,2008,2,INDL,C,D,STD,C,CITIGROUP INC,USD,2008Q2,2008Q2,A,91264.8034
003243,2008-09-30,2008,3,INDL,C,D,STD,C,CITIGROUP INC,USD,2008Q3,2008Q3,A,111770.0654
003243,2008-12-31,2008,4,INDL,C,D,STD,C,CITIGROUP INC,USD,2008Q4,2008Q4,A,36569.9563
003243,2009-03-31,2009,1,INDL,C,D,STD,C,CITIGROUP INC,USD,2009Q1,2009Q1,A,13947.508
003243,2009-06-30,2009,2,INDL,C,D,STD,C,CITIGROUP INC,USD,2009Q2,2009Q2,A,16357.9195
003243,2009-09-30,2009,3,INDL,C,D,STD,C,CITIGROUP INC,USD,2009Q3,2009Q3,A,110661.5083
003243,2009-12-31,2009,4,INDL,C,D,STD,C,CITIGROUP INC,USD,2009Q4,2009Q4,A,94279.6138
003243,2010-03-31,2010,1,INDL,C,D,STD,C,CITIGROUP INC,USD,2010Q1,2010Q1,A,115912.0085
003243,2010-06-30,2010,2,INDL,C,D,STD,C,CITIGROUP INC,USD,2010Q2,2010Q2,A,108947.5754
003243,2010-09-30,2010,3,INDL,C,D,STD,C,CITIGROUP INC,USD,2010Q3,2010Q3,A,113583.9399
003243,2010-12-31,2010,4,INDL,C,D,STD,C,CITIGROUP INC,USD,2010Q4,2010Q4,A,137446.0475
003243,2011-03-31,2011,1,INDL,C,D,STD,C,CITIGROUP INC,USD,2011Q1,2011Q1,A,129092.4692
003243,2011-06-30,2011,2,INDL,C,D,STD,C,CITIGROUP INC,USD,2011Q2,2011Q2,A,121503.3964
003243,2011-09-30,2011,3,INDL,C,D,STD,C,CITIGROUP INC,USD,2011Q3,2011Q3,A,74890.7804
003243,2011-12-31,2011,4,INDL,C,D,STD,C,CITIGROUP INC,USD,2011Q4,2011Q4,A,76927.2302
003243,2012-03-31,2012,1,INDL,C,D,STD,C,CITIGROUP INC,USD,2012Q1,2012Q1,A,107170.3749
003243,2012-06-30,2012,2,INDL,C,D,STD,C,CITIGROUP INC,USD,2012Q2,2012Q2,A,80379.359
003243,2012-09-30,2012,3,INDL,C,D,STD,C,CITIGROUP INC,USD,2012Q3,2012Q3,A,95952.0871
003243,2012-12-31,2012,4,INDL,C,D,STD,C,CITIGROUP INC,USD,2012Q4,2012Q4,A,119822.651
003243,2013-03-31,2013,1,INDL,C,D,STD,C,CITIGROUP INC,USD,2013Q1,2013Q1,A,134617.2324
003243,2013-06-30,2013,2,INDL,C,D,STD,C,CITIGROUP INC,USD,2013Q2,2013Q2,A,145878.0652
003243,2013-09-30,2013,3,INDL,C,D,STD,C,CITIGROUP INC,USD,2013Q3,2013Q3,A,147130.83
003243,2013-12-31,2013,4,INDL,C,D,STD,C,CITIGROUP INC,USD,2013Q4,2013Q4,A,157853.8527
003243,2014-03-31,2014,1,INDL,C,D,STD,C,CITIGROUP INC,USD,2014Q1,2014Q1,A,144598.566
003243,2014-06-30,2014,2,INDL,C,D,STD,C,CITIGROUP INC,USD,2014Q2,2014Q2,A,142796.5083
003243,2014-09-30,2014,3,INDL,C,D,STD,C,CITIGROUP INC,USD,2014Q3,2014Q3,A,156988.0682
003243,2014-12-31,2014,4,INDL,C,D,STD,C,CITIGROUP INC,USD,2014Q4,2014Q4,A,163624.203
003243,2015-03-31,2015,1,INDL,C,D,STD,C,CITIGROUP INC,USD,2015Q1,2015Q1,A,156318.8928
003243,2015-06-30,2015,2,INDL,C,D,STD,C,CITIGROUP INC,USD,2015Q2,2015Q2,A,166263.8378
003243,2015-09-30,2015,3,INDL,C,D,STD,C,CITIGROUP INC,USD,2015Q3,2015Q3,A,147787.6939
003243,2015-12-31,2015,4,INDL,C,D,STD,C,CITIGROUP INC,USD,2015Q4,2015Q4,A,152832.1883
003243,2016-03-31,2016,1,INDL,C,D,STD,C,CITIGROUP INC,USD,2016Q1,2016Q1,A,122533.2858
003243,2016-06-30,2016,2,INDL,C,D,STD,C,CITIGROUP INC,USD,2016Q2,2016Q2,A,123158.8039
003243,2016-09-30,2016,3,INDL,C,D,STD,C,CITIGROUP INC,USD,2016Q3,2016Q3,A,134592.7479
003243,2016-12-31,2016,4,INDL,C,D,STD,C,CITIGROUP INC,USD,2016Q4,2016Q4,A,164763.2566
003243,2017-03-31,2017,1,INDL,C,D,STD,C,CITIGROUP INC,USD,2017Q1,2017Q1,A,164699.8936
003243,2017-06-30,2017,2,INDL,C,D,STD,C,CITIGROUP INC,USD,2017Q2,2017Q2,A,182218.3053
003243,2017-09-30,2017,3,INDL,C,D,STD,C,CITIGROUP INC,USD,2017Q3,2017Q3,A,192324.7055
003243,2017-12-31,2017,4,INDL,C,D,STD,C,CITIGROUP INC,USD,2017Q4,2017Q4,A,191226.9287
003243,2018-03-31,2018,1,INDL,C,D,STD,C,CITIGROUP INC,USD,2018Q1,2018Q1,A,172120.4775
003243,2018-06-30,2018,2,INDL,C,D,STD,C,CITIGROUP INC,USD,2018Q2,2018Q2,A,168411.2066
003243,2018-09-30,2018,3,INDL,C,D,STD,C,CITIGROUP INC,USD,2018Q3,2018Q3,A,175198.9084
003243,2018-12-31,2018,4,INDL,C,D,STD,C,CITIGROUP INC,USD,2018Q4,2018Q4,A,123302.392
003243,2019-03-31,2019,1,INDL,C,D,STD,C,CITIGROUP INC,USD,2019Q1,2019Q1,A,143881.759
003243,2019-06-30,2019,2,INDL,C,D,STD,C,CITIGROUP INC,USD,2019Q2,2019Q2,A,158201.6917
003243,2019-09-30,2019,3,INDL,C,D,STD,C,CITIGROUP INC,USD,2019Q3,2019Q3,A,150815.0415
003243,2019-12-31,2019,4,INDL,C,D,STD,C,CITIGROUP INC,USD,2019Q4,2019Q4,A,168897.2865
003243,2020-03-31,2020,1,INDL,C,D,STD,C,CITIGROUP INC,USD,2020Q1,2020Q1,A,87685.753
003243,2020-06-30,2020,2,INDL,C,D,STD,C,CITIGROUP INC,USD,2020Q2,2020Q2,A,106383.3015
003243,2020-09-30,2020,3,INDL,C,D,STD,C,CITIGROUP INC,USD,2020Q3,2020Q3,A,89753.2956
003243,2020-12-31,2020,4,INDL,C,D,STD,C,CITIGROUP INC,USD,2020Q4,2020Q4,A,128381.6694
003243,2021-03-31,2021,1,INDL,C,D,STD,C,CITIGROUP INC,USD,2021Q1,2021Q1,A,150377.742
003243,2021-06-30,2021,2,INDL,C,D,STD,C,CITIGROUP INC,USD,2021Q2,2021Q2,A,143395.0388
003243,2021-09-30,2021,3,INDL,C,D,STD,C,CITIGROUP INC,USD,2021Q3,2021Q3,A,139255.8581
003243,2021-12-31,2021,4,INDL,C,D,STD,C,CITIGROUP INC,USD,2021Q4,2021Q4,A,119835.1985
003243,2022-03-31,2022,1,INDL,C,D,STD,C,CITIGROUP INC,USD,2022Q1,2022Q1,A,103698.5814
003243,2022-06-30,2022,2,INDL,C,D,STD,C,CITIGROUP INC,USD,2022Q2,2022Q2,A,89069.2929
003243,2022-09-30,2022,3,INDL,C,D,STD,C,CITIGROUP INC,USD,2022Q3,2022Q3,A,80708.6645
003243,2022-12-31,2022,4,INDL,C,D,STD,C,CITIGROUP INC,USD,2022Q4,2022Q4,A,87609.8768
003243,2023-03-31,2023,1,INDL,C,D,STD,C,CITIGROUP INC,USD,2023Q1,2023Q1,A,91283.2013
006066,2008-03-31,2008,1,INDL,C,D,STD,IBM,INTL BUSINESS MACHINES CORP,USD,2008Q1,2008Q1,A,158142.3721
006066,2008-06-30,2008,2,INDL,C,D,STD,IBM,INTL BUSINESS MACHINES CORP,USD,2008Q2,2008Q2,A,160589.1852
006066,2008-09-30,2008,3,INDL,C,D,STD,IBM,INTL BUSINESS MACHINES CORP,USD,2008Q3,2008Q3,A,157130.8477
006066,2008-12-31,2008,4,INDL,C,D,STD,IBM,INTL BUSINESS MACHINES CORP,USD,2008Q4,2008Q4,A,112698.3194
006066,2009-03-31,2009,1,INDL,C,D,STD,IBM,INTL BUSINESS MACHINES CORP,USD,2009Q1,2009Q1,A,128030.1553
006066,2009-06-30,2009,2,INDL,C,D,STD,IBM,INTL BUSINESS MACHINES CORP,USD,2009Q2,2009Q2,A,136882.5073
006066,2009-09-30,2009,3,INDL,C,D,STD,IBM,INTL BUSINESS MACHINES CORP,USD,2009Q3,2009Q3,A,157120.0548
006066,2009-12-31,2009,4,INDL,C,D,STD,IBM,INTL BUSINESS MACHINES CORP,USD,2009Q4,2009Q4,A,170868.6133
006066,2010-03-31,2010,1,INDL,C,D,STD,IBM,INTL BUSINESS MACHINES CORP,USD,2010Q1,2010Q1,A,164461.0028
006066,2010-06-30,2010,2,INDL,C,D,STD,IBM,INTL BUSINESS MACHINES CORP,USD,2010Q2,2010Q2,A,155742.6074
006066,2010-09-30,2010,3,INDL,C,D,STD,IBM,INTL BUSINESS MACHINES CORP,USD,2010Q3,2010Q3,A,166650.3045
006066,2010-12-31,2010,4,INDL,C,D,STD,IBM,INTL BUSINESS MACHINES CORP,USD,2010Q4,2010Q4,A,180220.2527
006066,2011-03-31,2011,1,INDL,C,D,STD,IBM,INTL BUSINESS MACHINES CORP,USD,2011Q1,2011Q1,A,197510.5471
006066,2011-06-30,2011,2,INDL,C,D,STD,IBM,INTL BUSINESS MACHINES CORP,USD,2011Q2,2011Q2,A,204878.5625
006066,2011-09-30,2011,3,INDL,C,D,STD,IBM,INTL BUSINESS MACHINES CORP,USD,2011Q3,2011Q3,A,206104.9297
006066,2011-12-31,2011,4,INDL,C,D,STD,IBM,INTL BUSINESS MACHINES CORP,USD,2011Q4,2011Q4,A,213886.09
006066,2012-03-31,2012,1,INDL,C,D,STD,IBM,INTL BUSINESS MACHINES CORP,USD,2012Q1,2012Q1,A,240674.4366
006066,2012-06-30,2012,2,INDL,C,D,STD,IBM,INTL BUSINESS MACHINES CORP,USD,2012Q2,2012Q2,A,223503.9345
006066,2012-09-30,2012,3,INDL,C,D,STD,IBM,INTL BUSINESS MACHINES CORP,USD,2012Q3,2012Q3,A,234404.6009
006066,2012-12-31,2012,4,INDL,C,D,STD,IBM,INTL BUSINESS MACHINES CORP,USD,2012Q4,2012Q4,A,214031.8404
006066,2013-03-31,2013,1,INDL,C,D,STD,IBM,INTL BUSINESS MACHINES CORP,USD,2013Q1,2013Q1,A,236505.7602
006066,2013-06-30,2013,2,INDL,C,D,STD,IBM,INTL BUSINESS MACHINES CORP,USD,2013Q2,2013Q2,A,209346.8629
006066,2013-09-30,2013,3,INDL,C,D,STD,IBM,INTL BUSINESS MACHINES CORP,USD,2013Q3,2013Q3,A,201078.4437
006066,2013-12-31,2013,4,INDL,C,D,STD,IBM,INTL BUSINESS MACHINES CORP,USD,2013Q4,2013Q4,A,197772.1199
006066,2014-03-31,2014,1,INDL,C,D,STD,IBM,INTL BUSINESS MACHINES CORP,USD,2014Q1,2014Q1,A,194835.2982
006066,2014-06-30,2014,2,INDL,C,D,STD,IBM,INTL BUSINESS MACHINES CORP,USD,2014Q2,2014Q2,A,180833.5018
006066,2014-09-30,2014,3,INDL,C,D,STD,IBM,INTL BUSINESS MACHINES CORP,USD,2014Q3,2014Q3,A,187867.1578
006066,2014-12-31,2014,4,INDL,C,D,STD,IBM,INTL BUSINESS MACHINES CORP,USD,2014Q4,2014Q4,A,158919.6706
006066,2015-03-31,2015,1,INDL,C,D,STD,IBM,INTL BUSINESS MACHINES CORP,USD,2015Q1,2015Q1,A,158049.807
006066,2015-06-30,2015,2,INDL,C,D,STD,IBM,INTL BUSINESS MACHINES CORP,USD,2015Q2,2015Q2,A,159330.3498
006066,2015-09-30,2015,3,INDL,C,D,STD,IBM,INTL BUSINESS MACHINES CORP,USD,2015Q3,2015Q3,A,140636.8467
006066,2015-12-31,2015,4,INDL,C,D,STD,IBM,INTL BUSINESS MACHINES CORP,USD,2015Q4,2015Q4,A,132903.625
006066,2016-03-31,2016,1,INDL,C,D,STD,IBM,INTL BUSINESS MACHINES CORP,USD,2016Q1,2016Q1,A,145386.2449
006066,2016-06-30,2016,2,INDL,C,D,STD,IBM,INTL BUSINESS MACHINES CORP,USD,2016Q2,2016Q2,A,145078.0023
006066,2016-09-30,2016,3,INDL,C,D,STD,IBM,INTL BUSINESS MACHINES CORP,USD,2016Q3,2016Q3,A,151043.3168
006066,2016-12-31,2016,4,INDL,C,D,STD,IBM,INTL BUSINESS MACHINES CORP,USD,2016Q4,2016Q4,A,157004.4633
006066,2017-03-31,2017,1,INDL,C,D,STD,IBM,INTL BUSINESS MACHINES CORP,USD,2017Q1,2017Q1,A,163604.0076
006066,2017-06-30,2017,2,INDL,C,D,STD,IBM,INTL BUSINESS MACHINES CORP,USD,2017Q2,2017Q2,A,143360.3302
006066,2017-09-30,2017,3,INDL,C,D,STD,IBM,INTL BUSINESS MACHINES CORP,USD,2017Q3,2017Q3,A,134313.7583
006066,2017-12-31,2017,4,INDL,C,D,STD,IBM,INTL BUSINESS MACHINES CORP,USD,2017Q4,2017Q4,A,141480.7022
006066,2018-03-31,2018,1,INDL,C,D,STD,IBM,INTL BUSINESS MACHINES CORP,USD,2018Q1,2018Q1,A,140843.8302
006066,2018-06-30,2018,2,INDL,C,D,STD,IBM,INTL BUSINESS MACHINES CORP,USD,2018Q2,2018Q2,A,127513.6896
006066,2018-09-30,2018,3,INDL,C,D,STD,IBM,INTL BUSINESS MACHINES CORP,USD,2018Q3,2018Q3,A,137418.7407
006066,2018-12-31,2018,4,INDL,C,D,STD,IBM,INTL BUSINESS MACHINES CORP,USD,2018Q4,2018Q4,A,101448.0879
006066,2019-03-31,2019,1,INDL,C,D,STD,IBM,INTL BUSINESS MACHINES CORP,USD,2019Q1,2019Q1,A,125105.3273
006066,2019-06-30,2019,2,INDL,C,D,STD,IBM,INTL BUSINESS MACHINES CORP,USD,2019Q2,2019Q2,A,122162.1625
006066,2019-09-30,2019,3,INDL,C,D,STD,IBM,INTL BUSINESS MACHINES CORP,USD,2019Q3,2019Q3,A,128789.3325
006066,2019-12-31,2019,4,INDL,C,D,STD,IBM,INTL BUSINESS MACHINES CORP,USD,2019Q4,2019Q4,A,118908.2244
006066,2020-03-31,2020,1,INDL,C,D,STD,IBM,INTL BUSINESS MACHINES CORP,USD,2020Q1,2020Q1,A,98493.8596
006066,2020-06-30,2020,2,INDL,C,D,STD,IBM,INTL BUSINESS MACHINES CORP,USD,2020Q2,2020Q2,A,107555.2258
006066,2020-09-30,2020,3,INDL,C,D,STD,IBM,INTL BUSINESS MACHINES CORP,USD,2020Q3,2020Q3,A,108414.9052
006066,2020-12-31,2020,4,INDL,C,D,STD,IBM,INTL BUSINESS MACHINES CORP,USD,2020Q4,2020Q4,A,112367.1596
006066,2021-03-31,2021,1,INDL,C,D,STD,IBM,INTL BUSINESS MACHINES CORP,USD,2021Q1,2021Q1,A,119070.875
006066,2021-06-30,2021,2,INDL,C,D,STD,IBM,INTL BUSINESS MACHINES CORP,USD,2021Q2,2021Q2,A,131391.5488
006066,2021-09-30,2021,3,INDL,C,D,STD,IBM,INTL BUSINESS MACHINES CORP,USD,2021Q3,2021Q3,A,124592.424
006066,2021-12-31,2021,4,INDL,C,D,STD,IBM,INTL BUSINESS MACHINES CORP,USD,2021Q4,2021Q4,A,120035.9025
006066,2022-03-31,2022,1,INDL,C,D,STD,IBM,INTL BUSINESS MACHINES CORP,USD,2022Q1,2022Q1,A,116944.5387
006066,2022-06-30,2022,2,INDL,C,D,STD,IBM,INTL BUSINESS MACHINES CORP,USD,2022Q2,2022Q2,A,127519.9842
006066,2022-09-30,2022,3,INDL,C,D,STD,IBM,INTL BUSINESS MACHINES CORP,USD,2022Q3,2022Q3,A,107419.2101
006066,2022-12-31,2022,4,INDL,C,D,STD,IBM,INTL BUSINESS MACHINES CORP,USD,2022Q4,2022Q4,A,127659.3019
006066,2023-03-31,2023,1,INDL,C,D,STD,IBM,INTL BUSINESS MACHINES CORP,USD,2023Q1,2023Q1,A,119035.6191
007647,2008-03-31,2008,1,INDL,C,D,STD,BAC,BANK OF AMERICA CORP,USD,2008Q1,2008Q1,A,168806.0271
007647,2008-06-30,2008,2,INDL,C,D,STD,BAC,BANK OF AMERICA CORP,USD,2008Q2,2008Q2,A,106291.8449
007647,2008-09-30,2008,3,INDL,C,D,STD,BAC,BANK OF AMERICA CORP,USD,2008Q3,2008Q3,A,159671.925
007647,2008-12-31,2008,4,INDL,C,D,STD,BAC,BANK OF AMERICA CORP,USD,2008Q4,2008Q4,A,70645.4989
007647,2009-03-31,2009,1,INDL,C,D,STD,BAC,BANK OF AMERICA CORP,USD,2009Q1,2009Q1,A,43654.479
007647,2009-06-30,2009,2,INDL,C,D,STD,BAC,BANK OF AMERICA CORP,USD,2009Q2,2009Q2,A,114199.2588
007647,2009-09-30,2009,3,INDL,C,D,STD,BAC,BANK OF AMERICA CORP,USD,2009Q3,2009Q3,A,146363.3129
007647,2009-12-31,2009,4,INDL,C,D,STD,BAC,BANK OF AMERICA CORP,USD,2009Q4,2009Q4,A,130272.6746
007647,2010-03-31,2010,1,INDL,C,D,STD,BAC,BANK OF AMERICA CORP,USD,2010Q1,2010Q1,A,179071.2179
007647,2010-06-30,2010,2,INDL,C,D,STD,BAC,BANK OF AMERICA CORP,USD,2010Q2,2010Q2,A,144174.4543
007647,2010-09-30,2010,3,INDL,C,D,STD,BAC,BANK OF AMERICA CORP,USD,2010Q3,2010Q3,A,131466.6198
007647,2010-12-31,2010,4,INDL,C,D,STD,BAC,BANK OF AMERICA CORP,USD,2010Q4,2010Q4,A,134535.9677
007647,2011-03-31,2011,1,INDL,C,D,STD,BAC,BANK OF AMERICA CORP,USD,2011Q1,2011Q1,A,135056.934
007647,2011-06-30,2011,2,INDL,C,D,STD,BAC,BANK OF AMERICA CORP,USD,2011Q2,2011Q2,A,111059.7624
007647,2011-09-30,2011,3,INDL,C,D,STD,BAC,BANK OF AMERICA CORP,USD,2011Q3,2011Q3,A,62022.7238
007647,2011-12-31,2011,4,INDL,C,D,STD,BAC,BANK OF AMERICA CORP,USD,2011Q4,2011Q4,A,58579.8153
007647,2012-03-31,2012,1,INDL,C,D,STD,BAC,BANK OF AMERICA CORP,USD,2012Q1,2012Q1,A,103122.5303
007647,2012-06-30,2012,2,INDL,C,D,STD,BAC,BANK OF AMERICA CORP,USD,2012Q2,2012Q2,A,88154.7884
007647,2012-09-30,2012,3,INDL,C,D,STD,BAC,BANK OF AMERICA CORP,USD,2012Q3,2012Q3,A,95163.2676
007647,2012-12-31,2012,4,INDL,C,D,STD,BAC,BANK OF AMERICA CORP,USD,2012Q4,2012Q4,A,125135.645
007647,2013-03-31,2013,1,INDL,C,D,STD,BAC,BANK OF AMERICA CORP,USD,2013Q1,2013Q1,A,131816.5884
007647,2013-06-30,2013,2,INDL,C,D,STD,BAC,BANK OF AMERICA CORP,USD,2013Q2,2013Q2,A,138156.2403
007647,2013-09-30,2013,3,INDL,C,D,STD,BAC,BANK OF AMERICA CORP,USD,2013Q3,2013Q3,A,147429.2916
007647,2013-12-31,2013,4,INDL,C,D,STD,BAC,BANK OF AMERICA CORP,USD,2013Q4,2013Q4,A,164914.4506
007647,2014-03-31,2014,1,INDL,C,D,STD,BAC,BANK OF AMERICA CORP,USD,2014Q1,2014Q1,A,181116.774
007647,2014-06-30,2014,2,INDL,C,D,STD,BAC,BANK OF AMERICA CORP,USD,2014Q2,2014Q2,A,161628.2303
007647,2014-09-30,2014,3,INDL,C,D,STD,BAC,BANK OF AMERICA CORP,USD,2014Q3,2014Q3,A,179295.9927
007647,2014-12-31,2014,4,INDL,C,D,STD,BAC,BANK OF AMERICA CORP,USD,2014Q4,2014Q4,A,188140.9364
007647,2015-03-31,2015,1,INDL,C,D,STD,BAC,BANK OF AMERICA CORP,USD,2015Q1,2015Q1,A,161908.9714
007647,2015-06-30,2015,2,INDL,C,D,STD,BAC,BANK OF AMERICA CORP,USD,2015Q2,2015Q2,A,178230.6657
007647,2015-09-30,2015,3,INDL,C,D,STD,BAC,BANK OF AMERICA CORP,USD,2015Q3,2015Q3,A,162457.4119
007647,2015-12-31,2015,4,INDL,C,D,STD,BAC,BANK OF AMERICA CORP,USD,2015Q4,2015Q4,A,174699.86
007647,2016-03-31,2016,1,INDL,C,D,STD,BAC,BANK OF AMERICA CORP,USD,2016Q1,2016Q1,A,139427.1632
007647,2016-06-30,2016,2,INDL,C,D,STD,BAC,BANK OF AMERICA CORP,USD,2016Q2,2016Q2,A,135576.6839
007647,2016-09-30,2016,3,INDL,C,D,STD,BAC,BANK OF AMERICA CORP,USD,2016Q3,2016Q3,A,158438.1743
007647,2016-12-31,2016,4,INDL,C,D,STD,BAC,BANK OF AMERICA CORP,USD,2016Q4,2016Q4,A,222163.0346
007647,2017-03-31,2017,1,INDL,C,D,STD,BAC,BANK OF AMERICA CORP,USD,2017Q1,2017Q1,A,235291.1421
007647,2017-06-30,2017,2,INDL,C,D,STD,BAC,BANK OF AMERICA CORP,USD,2017Q2,2017Q2,A,239643.1427
007647,2017-09-30,2017,3,INDL,C,D,STD,BAC,BANK OF AMERICA CORP,USD,2017Q3,2017Q3,A,264992.3912
007647,2017-12-31,2017,4,INDL,C,D,STD,BAC,BANK OF AMERICA CORP,USD,2017Q4,2017Q4,A,303681.155
007647,2018-03-31,2018,1,INDL,C,D,STD,BAC,BANK OF AMERICA CORP,USD,2018Q1,2018Q1,A,305175.5709
007647,2018-06-30,2018,2,INDL,C,D,STD,BAC,BANK OF AMERICA CORP,USD,2018Q2,2018Q2,A,282258.5486
007647,2018-09-30,2018,3,INDL,C,D,STD,BAC,BANK OF AMERICA CORP,USD,2018Q3,2018Q3,A,290424.1334
007647,2018-12-31,2018,4,INDL,C,D,STD,BAC,BANK OF AMERICA CORP,USD,2018Q4,2018Q4,A,238251.207
007647,2019-03-31,2019,1,INDL,C,D,STD,BAC,BANK OF AMERICA CORP,USD,2019Q1,2019Q1,A,263991.8525
007647,2019-06-30,2019,2,INDL,C,D,STD,BAC,BANK OF AMERICA CORP,USD,2019Q2,2019Q2,A,270935.458
007647,2019-09-30,2019,3,INDL,C,D,STD,BAC,BANK OF AMERICA CORP,USD,2019Q3,2019Q3,A,264842.1601
007647,2019-12-31,2019,4,INDL,C,D,STD,BAC,BANK OF AMERICA CORP,USD,2019Q4,2019Q4,A,311209.1678
007647,2020-03-31,2020,1,INDL,C,D,STD,BAC,BANK OF AMERICA CORP,USD,2020Q1,2020Q1,A,184180.589
007647,2020-06-30,2020,2,INDL,C,D,STD,BAC,BANK OF AMERICA CORP,USD,2020Q2,2020Q2,A,205771.9475
007647,2020-09-30,2020,3,INDL,C,D,STD,BAC,BANK OF AMERICA CORP,USD,2020Q3,2020Q3,A,208656.0891
007647,2020-12-31,2020,4,INDL,C,D,STD,BAC,BANK OF AMERICA CORP,USD,2020Q4,2020Q4,A,262206.1723
007647,2021-03-31,2021,1,INDL,C,D,STD,BAC,BANK OF AMERICA CORP,USD,2021Q1,2021Q1,A,332336.6924
007647,2021-06-30,2021,2,INDL,C,D,STD,BAC,BANK OF AMERICA CORP,USD,2021Q2,2021Q2,A,349925.2357
007647,2021-09-30,2021,3,INDL,C,D,STD,BAC,BANK OF AMERICA CORP,USD,2021Q3,2021Q3,A,349840.8078
007647,2021-12-31,2021,4,INDL,C,D,STD,BAC,BANK OF AMERICA CORP,USD,2021Q4,2021Q4,A,359382.7012
007647,2022-03-31,2022,1,INDL,C,D,STD,BAC,BANK OF AMERICA CORP,USD,2022Q1,2022Q1,A,332319.8444
007647,2022-06-30,2022,2,INDL,C,D,STD,BAC,BANK OF AMERICA CORP,USD,2022Q2,2022Q2,A,250136.4609
007647,2022-09-30,2022,3,INDL,C,D,STD,BAC,BANK OF AMERICA CORP,USD,2022Q3,2022Q3,A,242338.39
007647,2022-12-31,2022,4,INDL,C,D,STD,BAC,BANK OF AMERICA CORP,USD,2022Q4,2022Q4,A,264853.2874
007647,2023-03-31,2023,1,INDL,C,D,STD,BAC,BANK OF AMERICA CORP,USD,2023Q1,2023Q1,A,228011.7268
008007,2008-03-31,2008,1,INDL,C,D,STD,WFC,WELLS FARGO & CO,USD,2008Q1,2008Q1,A,96098.385
008007,2008-06-30,2008,2,INDL,C,D,STD,WFC,WELLS FARGO & CO,USD,2008Q2,2008Q2,A,78659.0738
008007,2008-09-30,2008,3,INDL,C,D,STD,WFC,WELLS FARGO & CO,USD,2008Q3,2008Q3,A,124645.3491
008007,2008-12-31,2008,4,INDL,C,D,STD,WFC,WELLS FARGO & CO,USD,2008Q4,2008Q4,A,124660.0419
008007,2009-03-31,2009,1,INDL,C,D,STD,WFC,WELLS FARGO & CO,USD,2009Q1,2009Q1,A,60682.2933
008007,2009-06-30,2009,2,INDL,C,D,STD,WFC,WELLS FARGO & CO,USD,2009Q2,2009Q2,A,113249.2705
008007,2009-09-30,2009,3,INDL,C,D,STD,WFC,WELLS FARGO & CO,USD,2009Q3,2009Q3,A,131859.7151
008007,2009-12-31,2009,4,INDL,C,D,STD,WFC,WELLS FARGO & CO,USD,2009Q4,2009Q4,A,139771.0888
008007,2010-03-31,2010,1,INDL,C,D,STD,WFC,WELLS FARGO & CO,USD,2010Q1,2010Q1,A,162001.7263
008007,2010-06-30,2010,2,INDL,C,D,STD,WFC,WELLS FARGO & CO,USD,2010Q2,2010Q2,A,133923.7376
008007,2010-09-30,2010,3,INDL,C,D,STD,WFC,WELLS FARGO & CO,USD,2010Q3,2010Q3,A,131712.5284
008007,2010-12-31,2010,4,INDL,C,D,STD,WFC,WELLS FARGO & CO,USD,2010Q4,2010Q4,A,163078.1502
008007,2011-03-31,2011,1,INDL,C,D,STD,WFC,WELLS FARGO & CO,USD,2011Q1,2011Q1,A,168090.8414
008007,2011-06-30,2011,2,INDL,C,D,STD,WFC,WELLS FARGO & CO,USD,2011Q2,2011Q2,A,148105.5063
008007,2011-09-30,2011,3,INDL,C,D,STD,WFC,WELLS FARGO & CO,USD,2011Q3,2011Q3,A,127165.9705
008007,2011-12-31,2011,4,INDL,C,D,STD,WFC,WELLS FARGO & CO,USD,2011Q4,2011Q4,A,145037.5867
008007,2012-03-31,2012,1,INDL,C,D,STD,WFC,WELLS FARGO & CO,USD,2012Q1,2012Q1,A,180993.2441
008007,2012-06-30,2012,2,INDL,C,D,STD,WFC,WELLS FARGO & CO,USD,2012Q2,2012Q2,A,176420.5115
008007,2012-09-30,2012,3,INDL,C,D,STD,WFC,WELLS FARGO & CO,USD,2012Q3,2012Q3,A,182650.7513
008007,2012-12-31,2012,4,INDL,C,D,STD,WFC,WELLS FARGO & CO,USD,2012Q4,2012Q4,A,180002.6125
008007,2013-03-31,2013,1,INDL,C,D,STD,WFC,WELLS FARGO & CO,USD,2013Q1,2013Q1,A,195631.7133
008007,2013-06-30,2013,2,INDL,C,D,STD,WFC,WELLS FARGO & CO,USD,2013Q2,2013Q2,A,218820.0194
008007,2013-09-30,2013,3,INDL,C,D,STD,WFC,WELLS FARGO & CO,USD,2013Q3,2013Q3,A,217910.7715
008007,2013-12-31,2013,4,INDL,C,D,STD,WFC,WELLS FARGO & CO,USD,2013Q4,2013Q4,A,238675.2002
008007,2014-03-31,2014,1,INDL,C,D,STD,WFC,WELLS FARGO & CO,USD,2014Q1,2014Q1,A,261917.261
008007,2014-06-30,2014,2,INDL,C,D,STD,WFC,WELLS FARGO & CO,USD,2014Q2,2014Q2,A,275934.4812
008007,2014-09-30,2014,3,INDL,C,D,STD,WFC,WELLS FARGO & CO,USD,2014Q3,2014Q3,A,270502.465
008007,2014-12-31,2014,4,INDL,C,D,STD,WFC,WELLS FARGO & CO,USD,2014Q4,2014Q4,A,283438.5322
008007,2015-03-31,2015,1,INDL,C,D,STD,WFC,WELLS FARGO & CO,USD,2015Q1,2015Q1,A,280864.0448
008007,2015-06-30,2015,2,INDL,C,D,STD,WFC,WELLS FARGO & CO,USD,2015Q2,2015Q2,A,289368.0164
008007,2015-09-30,2015,3,INDL,C,D,STD,WFC,WELLS FARGO & CO,USD,2015Q3,2015Q3,A,262320.1399
008007,2015-12-31,2015,4,INDL,C,D,STD,WFC,WELLS FARGO & CO,USD,2015Q4,2015Q4,A,276808.1324
008007,2016-03-31,2016,1,INDL,C,D,STD,WFC,WELLS FARGO & CO,USD,2016Q1,2016Q1,A,245470.6691
008007,2016-06-30,2016,2,INDL,C,D,STD,WFC,WELLS FARGO & CO,USD,2016Q2,2016Q2,A,238945.221
008007,2016-09-30,2016,3,INDL,C,D,STD,WFC,WELLS FARGO & CO,USD,2016Q3,2016Q3,A,222457.8049
008007,2016-12-31,2016,4,INDL,C,D,STD,WFC,WELLS FARGO & CO,USD,2016Q4,2016Q4,A,276437.767
008007,2017-03-31,2017,1,INDL,C,D,STD,WFC,WELLS FARGO & CO,USD,2017Q1,2017Q1,A,278118.2701
008007,2017-06-30,2017,2,INDL,C,D,STD,WFC,WELLS FARGO & CO,USD,2017Q2,2017Q2,A,275208.7257
008007,2017-09-30,2017,3,INDL,C,D,STD,WFC,WELLS FARGO & CO,USD,2017Q3,2017Q3,A,271772.0857
008007,2017-12-31,2017,4,INDL,C,D,STD,WFC,WELLS FARGO & CO,USD,2017Q4,2017Q4,A,296774.4034
008007,2018-03-31,2018,1,INDL,C,D,STD,WFC,WELLS FARGO & CO,USD,2018Q1,2018Q1,A,255440.1556
008007,2018-06-30,2018,2,INDL,C,D,STD,WFC,WELLS FARGO & CO,USD,2018Q2,2018Q2,A,268832.3299
008007,2018-09-30,2018,3,INDL,C,D,STD,WFC,WELLS FARGO & CO,USD,2018Q3,2018Q3,A,247639.6462
008007,2018-12-31,2018,4,INDL,C,D,STD,WFC,WELLS FARGO & CO,USD,2018Q4,2018Q4,A,211104.1843
008007,2019-03-31,2019,1,INDL,C,D,STD,WFC,WELLS FARGO & CO,USD,2019Q1,2019Q1,A,218017.3274
008007,2019-06-30,2019,2,INDL,C,D,STD,WFC,WELLS FARGO & CO,USD,2019Q2,2019Q2,A,209135.0461
008007,2019-09-30,2019,3,INDL,C,D,STD,WFC,WELLS FARGO & CO,USD,2019Q3,2019Q3,A,215335.5225
008007,2019-12-31,2019,4,INDL,C,D,STD,WFC,WELLS FARGO & CO,USD,2019Q4,2019Q4,A,222432.1188
008007,2020-03-31,2020,1,INDL,C,D,STD,WFC,WELLS FARGO & CO,USD,2020Q1,2020Q1,A,117566.967
008007,2020-06-30,2020,2,INDL,C,D,STD,WFC,WELLS FARGO & CO,USD,2020Q2,2020Q2,A,105460.7104
008007,2020-09-30,2020,3,INDL,C,D,STD,WFC,WELLS FARGO & CO,USD,2020Q3,2020Q3,A,97155.4747
008007,2020-12-31,2020,4,INDL,C,D,STD,WFC,WELLS FARGO & CO,USD,2020Q4,2020Q4,A,125066.252
008007,2021-03-31,2021,1,INDL,C,D,STD,WFC,WELLS FARGO & CO,USD,2021Q1,2021Q1,A,161793.5584
008007,2021-06-30,2021,2,INDL,C,D,STD,WFC,WELLS FARGO & CO,USD,2021Q2,2021Q2,A,186051.2294
008007,2021-09-30,2021,3,INDL,C,D,STD,WFC,WELLS FARGO & CO,USD,2021Q3,2021Q3,A,185497.1036
008007,2021-12-31,2021,4,INDL,C,D,STD,WFC,WELLS FARGO & CO,USD,2021Q4,2021Q4,A,186440.732
008007,2022-03-31,2022,1,INDL,C,D,STD,WFC,WELLS FARGO & CO,USD,2022Q1,2022Q1,A,183658.2632
008007,2022-06-30,2022,2,INDL,C,D,STD,WFC,WELLS FARGO & CO,USD,2022Q2,2022Q2,A,148570.3999
008007,2022-09-30,2022,3,INDL,C,D,STD,WFC,WELLS FARGO & CO,USD,2022Q3,2022Q3,A,152652.5566
008007,2022-12-31,2022,4,INDL,C,D,STD,WFC,WELLS FARGO & CO,USD,2022Q4,2022Q4,A,158297.7672
008007,2023-03-31,2023,1,INDL,C,D,STD,WFC,WELLS FARGO & CO,USD,2023Q1,2023Q1,A,140669.3131
012141,2008-03-31,2008,3,INDL,C,D,STD,MSFT,MICROSOFT CORP,USD,2008Q1,2008Q3,A,264217.8
012141,2008-06-30,2008,4,INDL,C,D,STD,MSFT,MICROSOFT CORP,USD,2008Q2,2008Q4,A,251744.01
012141,2008-09-30,2009,1,INDL,C,D,STD,MSFT,MICROSOFT CORP,USD,2008Q3,2009Q1,A,239596.13
012141,2008-12-31,2009,2,INDL,C,D,STD,MSFT,MICROSOFT CORP,USD,2008Q4,2009Q2,A,172802.16
012141,2009-03-31,2009,3,INDL,C,D,STD,MSFT,MICROSOFT CORP,USD,2009Q1,2009Q3,A,163456.26
012141,2009-06-30,2009,4,INDL,C,D,STD,MSFT,MICROSOFT CORP,USD,2009Q2,2009Q4,A,211743.16
012141,2009-09-30,2010,1,INDL,C,D,STD,MSFT,MICROSOFT CORP,USD,2009Q3,2010Q1,A,228908
012141,2009-12-31,2010,2,INDL,C,D,STD,MSFT,MICROSOFT CORP,USD,2009Q4,2010Q2,A,268559.28
012141,2010-03-31,2010,3,INDL,C,D,STD,MSFT,MICROSOFT CORP,USD,2010Q1,2010Q3,A,256617.075
012141,2010-06-30,2010,4,INDL,C,D,STD,MSFT,MICROSOFT CORP,USD,2010Q2,2010Q4,A,199450.68
012141,2010-09-30,2011,1,INDL,C,D,STD,MSFT,MICROSOFT CORP,USD,2010Q3,2011Q1,A,209683.38
012141,2010-12-31,2011,2,INDL,C,D,STD,MSFT,MICROSOFT CORP,USD,2010Q4,2011Q2,A,234527.73
012141,2011-03-31,2011,3,INDL,C,D,STD,MSFT,MICROSOFT CORP,USD,2011Q1,2011Q3,A,214063.09
012141,2011-06-30,2011,4,INDL,C,D,STD,MSFT,MICROSOFT CORP,USD,2011Q2,2011Q4,A,217776
012141,2011-09-30,2012,1,INDL,C,D,STD,MSFT,MICROSOFT CORP,USD,2011Q3,2012Q1,A,209324.9
012141,2011-12-31,2012,2,INDL,C,D,STD,MSFT,MICROSOFT CORP,USD,2011Q4,2012Q2,A,217596.72
012141,2012-03-31,2012,3,INDL,C,D,STD,MSFT,MICROSOFT CORP,USD,2012Q1,2012Q3,A,270942
012141,2012-06-30,2012,4,INDL,C,D,STD,MSFT,MICROSOFT CORP,USD,2012Q2,2012Q4,A,256374.79
012141,2012-09-30,2013,1,INDL,C,D,STD,MSFT,MICROSOFT CORP,USD,2012Q3,2013Q1,A,250638.72
012141,2012-12-31,2013,2,INDL,C,D,STD,MSFT,MICROSOFT CORP,USD,2012Q4,2013Q2,A,223667.0278
012141,2013-03-31,2013,3,INDL,C,D,STD,MSFT,MICROSOFT CORP,USD,2013Q1,2013Q3,A,238823.145
012141,2013-06-30,2013,4,INDL,C,D,STD,MSFT,MICROSOFT CORP,USD,2013Q2,2013Q4,A,287690.76
012141,2013-09-30,2014,1,INDL,C,D,STD,MSFT,MICROSOFT CORP,USD,2013Q3,2014Q1,A,277754.88
012141,2013-12-31,2014,2,INDL,C,D,STD,MSFT,MICROSOFT CORP,USD,2013Q4,2014Q2,A,310503
012141,2014-03-31,2014,3,INDL,C,D,STD,MSFT,MICROSOFT CORP,USD,2014Q1,2014Q3,A,338577.4
012141,2014-06-30,2014,4,INDL,C,D,STD,MSFT,MICROSOFT CORP,USD,2014Q2,2014Q4,A,343566.3
012141,2014-09-30,2015,1,INDL,C,D,STD,MSFT,MICROSOFT CORP,USD,2014Q3,2015Q1,A,382701.8
012141,2014-12-31,2015,2,INDL,C,D,STD,MSFT,MICROSOFT CORP,USD,2014Q4,2015Q2,A,381726.1
012141,2015-03-31,2015,3,INDL,C,D,STD,MSFT,MICROSOFT CORP,USD,2015Q1,2015Q3,A,329834.015
012141,2015-06-30,2015,4,INDL,C,D,STD,MSFT,MICROSOFT CORP,USD,2015Q2,2015Q4,A,354392.05
012141,2015-09-30,2016,1,INDL,C,D,STD,MSFT,MICROSOFT CORP,USD,2015Q3,2016Q1,A,353460.36
012141,2015-12-31,2016,2,INDL,C,D,STD,MSFT,MICROSOFT CORP,USD,2015Q4,2016Q2,A,439679
012141,2016-03-31,2016,3,INDL,C,D,STD,MSFT,MICROSOFT CORP,USD,2016Q1,2016Q3,A,434660.1
012141,2016-06-30,2016,4,INDL,C,D,STD,MSFT,MICROSOFT CORP,USD,2016Q2,2016Q4,A,399535.36
012141,2016-09-30,2017,1,INDL,C,D,STD,MSFT,MICROSOFT CORP,USD,2016Q3,2017Q1,A,448358.4
012141,2016-12-31,2017,2,INDL,C,D,STD,MSFT,MICROSOFT CORP,USD,2016Q4,2017Q2,A,480342.2
012141,2017-03-31,2017,3,INDL,C,D,STD,MSFT,MICROSOFT CORP,USD,2017Q1,2017Q3,A,508636.78
012141,2017-06-30,2017,4,INDL,C,D,STD,MSFT,MICROSOFT CORP,USD,2017Q2,2017Q4,A,531312.44
012141,2017-09-30,2018,1,INDL,C,D,STD,MSFT,MICROSOFT CORP,USD,2017Q3,2018Q1,A,575062.8
012141,2017-12-31,2018,2,INDL,C,D,STD,MSFT,MICROSOFT CORP,USD,2017Q4,2018Q2,A,659085.7
012141,2018-03-31,2018,3,INDL,C,D,STD,MSFT,MICROSOFT CORP,USD,2018Q1,2018Q3,A,701866.3
012141,2018-06-30,2018,4,INDL,C,D,STD,MSFT,MICROSOFT CORP,USD,2018Q2,2018Q4,A,757028.97
012141,2018-09-30,2019,1,INDL,C,D,STD,MSFT,MICROSOFT CORP,USD,2018Q3,2019Q1,A,878361.6
012141,2018-12-31,2019,2,INDL,C,D,STD,MSFT,MICROSOFT CORP,USD,2018Q4,2019Q2,A,780362.31
012141,2019-03-31,2019,3,INDL,C,D,STD,MSFT,MICROSOFT CORP,USD,2019Q1,2019Q3,A,904128.04
012141,2019-06-30,2019,4,INDL,C,D,STD,MSFT,MICROSOFT CORP,USD,2019Q2,2019Q4,A,1023856.28
012141,2019-09-30,2020,1,INDL,C,D,STD,MSFT,MICROSOFT CORP,USD,2019Q3,2020Q1,A,1061355.02
012141,2019-12-31,2020,2,INDL,C,D,STD,MSFT,MICROSOFT CORP,USD,2019Q4,2020Q2,A,1200254.7
012141,2020-03-31,2020,3,INDL,C,D,STD,MSFT,MICROSOFT CORP,USD,2020Q1,2020Q3,A,1197018.9
012141,2020-06-30,2020,4,INDL,C,D,STD,MSFT,MICROSOFT CORP,USD,2020Q2,2020Q4,A,1540774.21
012141,2020-09-30,2021,1,INDL,C,D,STD,MSFT,MICROSOFT CORP,USD,2020Q3,2021Q1,A,1590936.12
012141,2020-12-31,2021,2,INDL,C,D,STD,MSFT,MICROSOFT CORP,USD,2020Q4,2021Q2,A,1678381.32
012141,2021-03-31,2021,3,INDL,C,D,STD,MSFT,MICROSOFT CORP,USD,2021Q1,2021Q3,A,1776291.18
012141,2021-06-30,2021,4,INDL,C,D,STD,MSFT,MICROSOFT CORP,USD,2021Q2,2021Q4,A,2036897.1
012141,2021-09-30,2022,1,INDL,C,D,STD,MSFT,MICROSOFT CORP,USD,2021Q3,2022Q1,A,2117219.2
012141,2021-12-31,2022,2,INDL,C,D,STD,MSFT,MICROSOFT CORP,USD,2021Q4,2022Q2,A,2522400
012141,2022-03-31,2022,3,INDL,C,D,STD,MSFT,MICROSOFT CORP,USD,2022Q1,2022Q3,A,2307083.73
012141,2022-06-30,2022,4,INDL,C,D,STD,MSFT,MICROSOFT CORP,USD,2022Q2,2022Q4,A,1916979.12
012141,2022-09-30,2023,1,INDL,C,D,STD,MSFT,MICROSOFT CORP,USD,2022Q3,2023Q1,A,1736735.3
012141,2022-12-31,2023,2,INDL,C,D,STD,MSFT,MICROSOFT CORP,USD,2022Q4,2023Q2,A,1785939.54
012141,2023-03-31,2023,3,INDL,C,D,STD,MSFT,MICROSOFT CORP,USD,2023Q1,2023Q3,A,2144087.1
064768,2008-03-31,2008,1,INDL,C,D,STD,AMZN,AMAZON.COM INC,USD,2008Q1,2008Q1,A,29732.1
064768,2008-06-30,2008,2,INDL,C,D,STD,AMZN,AMAZON.COM INC,USD,2008Q2,2008Q2,A,31238.58
064768,2008-09-30,2008,3,INDL,C,D,STD,AMZN,AMAZON.COM INC,USD,2008Q3,2008Q3,A,31214.04
064768,2008-12-31,2008,4,INDL,C,D,STD,AMZN,AMAZON.COM INC,USD,2008Q4,2008Q4,A,21947.84
064768,2009-03-31,2009,1,INDL,C,D,STD,AMZN,AMAZON.COM INC,USD,2009Q1,2009Q1,A,31505.76
064768,2009-06-30,2009,2,INDL,C,D,STD,AMZN,AMAZON.COM INC,USD,2009Q2,2009Q2,A,36141.12
064768,2009-09-30,2009,3,INDL,C,D,STD,AMZN,AMAZON.COM INC,USD,2009Q3,2009Q3,A,40424.88
064768,2009-12-31,2009,4,INDL,C,D,STD,AMZN,AMAZON.COM INC,USD,2009Q4,2009Q4,A,59726.88
064768,2010-03-31,2010,1,INDL,C,D,STD,AMZN,AMAZON.COM INC,USD,2010Q1,2010Q1,A,60553.42
064768,2010-06-30,2010,2,INDL,C,D,STD,AMZN,AMAZON.COM INC,USD,2010Q2,2010Q2,A,48948.48
064768,2010-09-30,2010,3,INDL,C,D,STD,AMZN,AMAZON.COM INC,USD,2010Q3,2010Q3,A,70519.94
064768,2010-12-31,2010,4,INDL,C,D,STD,AMZN,AMAZON.COM INC,USD,2010Q4,2010Q4,A,81180
064768,2011-03-31,2011,1,INDL,C,D,STD,AMZN,AMAZON.COM INC,USD,2011Q1,2011Q1,A,81418.76
064768,2011-06-30,2011,2,INDL,C,D,STD,AMZN,AMAZON.COM INC,USD,2011Q2,2011Q2,A,92838.46
064768,2011-09-30,2011,3,INDL,C,D,STD,AMZN,AMAZON.COM INC,USD,2011Q3,2011Q3,A,98384.65
064768,2011-12-31,2011,4,INDL,C,D,STD,AMZN,AMAZON.COM INC,USD,2011Q4,2011Q4,A,78760.5
064768,2012-03-31,2012,1,INDL,C,D,STD,AMZN,AMAZON.COM INC,USD,2012Q1,2012Q1,A,91129.5
064768,2012-06-30,2012,2,INDL,C,D,STD,AMZN,AMAZON.COM INC,USD,2012Q2,2012Q2,A,103214.2
064768,2012-09-30,2012,3,INDL,C,D,STD,AMZN,AMAZON.COM INC,USD,2012Q3,2012Q3,A,115206.96
064768,2012-12-31,2012,4,INDL,C,D,STD,AMZN,AMAZON.COM INC,USD,2012Q4,2012Q4,A,113894.98
064768,2013-03-31,2013,1,INDL,C,D,STD,AMZN,AMAZON.COM INC,USD,2013Q1,2013Q1,A,121252.95
064768,2013-06-30,2013,2,INDL,C,D,STD,AMZN,AMAZON.COM INC,USD,2013Q2,2013Q2,A,126904.33
064768,2013-09-30,2013,3,INDL,C,D,STD,AMZN,AMAZON.COM INC,USD,2013Q3,2013Q3,A,143189.12
064768,2013-12-31,2013,4,INDL,C,D,STD,AMZN,AMAZON.COM INC,USD,2013Q4,2013Q4,A,183044.61
064768,2014-03-31,2014,1,INDL,C,D,STD,AMZN,AMAZON.COM INC,USD,2014Q1,2014Q1,A,154727.9
064768,2014-06-30,2014,2,INDL,C,D,STD,AMZN,AMAZON.COM INC,USD,2014Q2,2014Q2,A,150048.36
064768,2014-09-30,2014,3,INDL,C,D,STD,AMZN,AMAZON.COM INC,USD,2014Q3,2014Q3,A,149289.72
064768,2014-12-31,2014,4,INDL,C,D,STD,AMZN,AMAZON.COM INC,USD,2014Q4,2014Q4,A,144312.75
064768,2015-03-31,2015,1,INDL,C,D,STD,AMZN,AMAZON.COM INC,USD,2015Q1,2015Q1,A,173398.6
064768,2015-06-30,2015,2,INDL,C,D,STD,AMZN,AMAZON.COM INC,USD,2015Q2,2015Q2,A,203154.12
064768,2015-09-30,2015,3,INDL,C,D,STD,AMZN,AMAZON.COM INC,USD,2015Q3,2015Q3,A,240076.41
064768,2015-12-31,2015,4,INDL,C,D,STD,AMZN,AMAZON.COM INC,USD,2015Q4,2015Q4,A,318344.19
064768,2016-03-31,2016,1,INDL,C,D,STD,AMZN,AMAZON.COM INC,USD,2016Q1,2016Q1,A,280198.08
064768,2016-06-30,2016,2,INDL,C,D,STD,AMZN,AMAZON.COM INC,USD,2016Q2,2016Q2,A,339203.88
064768,2016-09-30,2016,3,INDL,C,D,STD,AMZN,AMAZON.COM INC,USD,2016Q3,2016Q3,A,397722.25
064768,2016-12-31,2016,4,INDL,C,D,STD,AMZN,AMAZON.COM INC,USD,2016Q4,2016Q4,A,357687.99
064768,2017-03-31,2017,1,INDL,C,D,STD,AMZN,AMAZON.COM INC,USD,2017Q1,2017Q1,A,423766.12
064768,2017-06-30,2017,2,INDL,C,D,STD,AMZN,AMAZON.COM INC,USD,2017Q2,2017Q2,A,464640
064768,2017-09-30,2017,3,INDL,C,D,STD,AMZN,AMAZON.COM INC,USD,2017Q3,2017Q3,A,463370.7
064768,2017-12-31,2017,4,INDL,C,D,STD,AMZN,AMAZON.COM INC,USD,2017Q4,2017Q4,A,566023.48
064768,2018-03-31,2018,1,INDL,C,D,STD,AMZN,AMAZON.COM INC,USD,2018Q1,2018Q1,A,701959.9
064768,2018-06-30,2018,2,INDL,C,D,STD,AMZN,AMAZON.COM INC,USD,2018Q2,2018Q2,A,827802.6
064768,2018-09-30,2018,3,INDL,C,D,STD,AMZN,AMAZON.COM INC,USD,2018Q3,2018Q3,A,979467
064768,2018-12-31,2018,4,INDL,C,D,STD,AMZN,AMAZON.COM INC,USD,2018Q4,2018Q4,A,737467.27
064768,2019-03-31,2019,1,INDL,C,D,STD,AMZN,AMAZON.COM INC,USD,2019Q1,2019Q1,A,876129
064768,2019-06-30,2019,2,INDL,C,D,STD,AMZN,AMAZON.COM INC,USD,2019Q2,2019Q2,A,935453.22
064768,2019-09-30,2019,3,INDL,C,D,STD,AMZN,AMAZON.COM INC,USD,2019Q3,2019Q3,A,859275.45
064768,2019-12-31,2019,4,INDL,C,D,STD,AMZN,AMAZON.COM INC,USD,2019Q4,2019Q4,A,920224.32
064768,2020-03-31,2020,1,INDL,C,D,STD,AMZN,AMAZON.COM INC,USD,2020Q1,2020Q1,A,972910.28
064768,2020-06-30,2020,2,INDL,C,D,STD,AMZN,AMAZON.COM INC,USD,2020Q2,2020Q2,A,1382168.82
064768,2020-09-30,2020,3,INDL,C,D,STD,AMZN,AMAZON.COM INC,USD,2020Q3,2020Q3,A,1580662.46
064768,2020-12-31,2020,4,INDL,C,D,STD,AMZN,AMAZON.COM INC,USD,2020Q4,2020Q4,A,1638235.79
064768,2021-03-31,2021,1,INDL,C,D,STD,AMZN,AMAZON.COM INC,USD,2021Q1,2021Q1,A,1559416.32
064768,2021-06-30,2021,2,INDL,C,D,STD,AMZN,AMAZON.COM INC,USD,2021Q2,2021Q2,A,1740720.96
064768,2021-09-30,2021,3,INDL,C,D,STD,AMZN,AMAZON.COM INC,USD,2021Q3,2021Q3,A,1665515.28
064768,2021-12-31,2021,4,INDL,C,D,STD,AMZN,AMAZON.COM INC,USD,2021Q4,2021Q4,A,1697179.06
064768,2022-03-31,2022,1,INDL,C,D,STD,AMZN,AMAZON.COM INC,USD,2022Q1,2022Q1,A,1659314.55
064768,2022-06-30,2022,2,INDL,C,D,STD,AMZN,AMAZON.COM INC,USD,2022Q2,2022Q2,A,1081536.43
064768,2022-09-30,2022,3,INDL,C,D,STD,AMZN,AMAZON.COM INC,USD,2022Q3,2022Q3,A,1152374
064768,2022-12-31,2022,4,INDL,C,D,STD,AMZN,AMAZON.COM INC,USD,2022Q4,2022Q4,A,860328
064768,2023-03-31,2023,1,INDL,C,D,STD,AMZN,AMAZON.COM INC,USD,2023Q1,2023Q1,A,1059548.82
160329,2008-03-31,2008,1,INDL,C,D,STD,GOOGL,ALPHABET INC,USD,2008Q1,2008Q1,A,138186.0103
160329,2008-06-30,2008,2,INDL,C,D,STD,GOOGL,ALPHABET INC,USD,2008Q2,2008Q2,A,165429.0643
160329,2008-09-30,2008,3,INDL,C,D,STD,GOOGL,ALPHABET INC,USD,2008Q3,2008Q3,A,125998.3852
160329,2008-12-31,2008,4,INDL,C,D,STD,GOOGL,ALPHABET INC,USD,2008Q4,2008Q4,A,96944.8221
160329,2009-03-31,2009,1,INDL,C,D,STD,GOOGL,ALPHABET INC,USD,2009Q1,2009Q1,A,109903.7737
160329,2009-06-30,2009,2,INDL,C,D,STD,GOOGL,ALPHABET INC,USD,2009Q2,2009Q2,A,133400.351
160329,2009-09-30,2009,3,INDL,C,D,STD,GOOGL,ALPHABET INC,USD,2009Q3,2009Q3,A,157152.2198
160329,2009-12-31,2009,4,INDL,C,D,STD,GOOGL,ALPHABET INC,USD,2009Q4,2009Q4,A,197012.2846
160329,2010-03-31,2010,1,INDL,C,D,STD,GOOGL,ALPHABET INC,USD,2010Q1,2010Q1,A,180499.5509
160329,2010-06-30,2010,2,INDL,C,D,STD,GOOGL,ALPHABET INC,USD,2010Q2,2010Q2,A,141766.8544
160329,2010-09-30,2010,3,INDL,C,D,STD,GOOGL,ALPHABET INC,USD,2010Q3,2010Q3,A,167850.0449
160329,2010-12-31,2010,4,INDL,C,D,STD,GOOGL,ALPHABET INC,USD,2010Q4,2010Q4,A,190843.155
160329,2011-03-31,2011,1,INDL,C,D,STD,GOOGL,ALPHABET INC,USD,2011Q1,2011Q1,A,189011.2385
160329,2011-06-30,2011,2,INDL,C,D,STD,GOOGL,ALPHABET INC,USD,2011Q2,2011Q2,A,163392.6218
160329,2011-09-30,2011,3,INDL,C,D,STD,GOOGL,ALPHABET INC,USD,2011Q3,2011Q3,A,166747.8053
160329,2011-12-31,2011,4,INDL,C,D,STD,GOOGL,ALPHABET INC,USD,2011Q4,2011Q4,A,209849.6805
160329,2012-03-31,2012,1,INDL,C,D,STD,GOOGL,ALPHABET INC,USD,2012Q1,2012Q1,A,208983.9634
160329,2012-06-30,2012,2,INDL,C,D,STD,GOOGL,ALPHABET INC,USD,2012Q2,2012Q2,A,189650.4061
160329,2012-09-30,2012,3,INDL,C,D,STD,GOOGL,ALPHABET INC,USD,2012Q3,2012Q3,A,247892.484
160329,2012-12-31,2012,4,INDL,C,D,STD,GOOGL,ALPHABET INC,USD,2012Q4,2012Q4,A,233420.545
160329,2013-03-31,2013,1,INDL,C,D,STD,GOOGL,ALPHABET INC,USD,2013Q1,2013Q1,A,262882.5815
160329,2013-06-30,2013,2,INDL,C,D,STD,GOOGL,ALPHABET INC,USD,2013Q2,2013Q2,A,293281.1796
160329,2013-09-30,2013,3,INDL,C,D,STD,GOOGL,ALPHABET INC,USD,2013Q3,2013Q3,A,292691.4579
160329,2013-12-31,2013,4,INDL,C,D,STD,GOOGL,ALPHABET INC,USD,2013Q4,2013Q4,A,376370.2807
160329,2014-03-31,2014,1,INDL,C,D,STD,GOOGL,ALPHABET INC,USD,2014Q1,2014Q1,A,375847.3218
160329,2014-06-30,2014,2,INDL,C,D,STD,GOOGL,ALPHABET INC,USD,2014Q2,2014Q2,A,391492.1299
160329,2014-09-30,2014,3,INDL,C,D,STD,GOOGL,ALPHABET INC,USD,2014Q3,2014Q3,A,394755.6564
160329,2014-12-31,2014,4,INDL,C,D,STD,GOOGL,ALPHABET INC,USD,2014Q4,2014Q4,A,359263.2864
160329,2015-03-31,2015,1,INDL,C,D,STD,GOOGL,ALPHABET INC,USD,2015Q1,2015Q1,A,375847.7666
160329,2015-06-30,2015,2,INDL,C,D,STD,GOOGL,ALPHABET INC,USD,2015Q2,2015Q2,A,363475.4964
160329,2015-09-30,2015,3,INDL,C,D,STD,GOOGL,ALPHABET INC,USD,2015Q3,2015Q3,A,428655.1849
160329,2015-12-31,2015,4,INDL,C,D,STD,GOOGL,ALPHABET INC,USD,2015Q4,2015Q4,A,528168.4352
160329,2016-03-31,2016,1,INDL,C,D,STD,GOOGL,ALPHABET INC,USD,2016Q1,2016Q1,A,517784.507
160329,2016-06-30,2016,2,INDL,C,D,STD,GOOGL,ALPHABET INC,USD,2016Q2,2016Q2,A,479246.4818
160329,2016-09-30,2016,3,INDL,C,D,STD,GOOGL,ALPHABET INC,USD,2016Q3,2016Q3,A,544870.0784
160329,2016-12-31,2016,4,INDL,C,D,STD,GOOGL,ALPHABET INC,USD,2016Q4,2016Q4,A,540659.3335
160329,2017-03-31,2017,1,INDL,C,D,STD,GOOGL,ALPHABET INC,USD,2017Q1,2017Q1,A,580433.6078
160329,2017-06-30,2017,2,INDL,C,D,STD,GOOGL,ALPHABET INC,USD,2017Q2,2017Q2,A,636867.9743
160329,2017-09-30,2017,3,INDL,C,D,STD,GOOGL,ALPHABET INC,USD,2017Q3,2017Q3,A,671425.1183
160329,2017-12-31,2017,4,INDL,C,D,STD,GOOGL,ALPHABET INC,USD,2017Q4,2017Q4,A,729439.0252
160329,2018-03-31,2018,1,INDL,C,D,STD,GOOGL,ALPHABET INC,USD,2018Q1,2018Q1,A,718886.2188
160329,2018-06-30,2018,2,INDL,C,D,STD,GOOGL,ALPHABET INC,USD,2018Q2,2018Q2,A,781114.0973
160329,2018-09-30,2018,3,INDL,C,D,STD,GOOGL,ALPHABET INC,USD,2018Q3,2018Q3,A,835310.7785
160329,2018-12-31,2018,4,INDL,C,D,STD,GOOGL,ALPHABET INC,USD,2018Q4,2018Q4,A,723558.7085
160329,2019-03-31,2019,1,INDL,C,D,STD,GOOGL,ALPHABET INC,USD,2019Q1,2019Q1,A,816433.2446
160329,2019-06-30,2019,2,INDL,C,D,STD,GOOGL,ALPHABET INC,USD,2019Q2,2019Q2,A,750859.6049
160329,2019-09-30,2019,3,INDL,C,D,STD,GOOGL,ALPHABET INC,USD,2019Q3,2019Q3,A,842955.1365
160329,2019-12-31,2019,4,INDL,C,D,STD,GOOGL,ALPHABET INC,USD,2019Q4,2019Q4,A,921138.3192
160329,2020-03-31,2020,1,INDL,C,D,STD,GOOGL,ALPHABET INC,USD,2020Q1,2020Q1,A,795031.5309
160329,2020-06-30,2020,2,INDL,C,D,STD,GOOGL,ALPHABET INC,USD,2020Q2,2020Q2,A,964510.8983
160329,2020-09-30,2020,3,INDL,C,D,STD,GOOGL,ALPHABET INC,USD,2020Q3,2020Q3,A,994596.9664
160329,2020-12-31,2020,4,INDL,C,D,STD,GOOGL,ALPHABET INC,USD,2020Q4,2020Q4,A,1183171.313
160329,2021-03-31,2021,1,INDL,C,D,STD,GOOGL,ALPHABET INC,USD,2021Q1,2021Q1,A,1386127.559
160329,2021-06-30,2021,2,INDL,C,D,STD,GOOGL,ALPHABET INC,USD,2021Q2,2021Q2,A,1650946.771
160329,2021-09-30,2021,3,INDL,C,D,STD,GOOGL,ALPHABET INC,USD,2021Q3,2021Q3,A,1774424.75
160329,2021-12-31,2021,4,INDL,C,D,STD,GOOGL,ALPHABET INC,USD,2021Q4,2021Q4,A,1917098.341
160329,2022-03-31,2022,1,INDL,C,D,STD,GOOGL,ALPHABET INC,USD,2022Q1,2022Q1,A,1835900.728
160329,2022-06-30,2022,2,INDL,C,D,STD,GOOGL,ALPHABET INC,USD,2022Q2,2022Q2,A,1427553.329
160329,2022-09-30,2022,3,INDL,C,D,STD,GOOGL,ALPHABET INC,USD,2022Q3,2022Q3,A,1243730.65
160329,2022-12-31,2022,4,INDL,C,D,STD,GOOGL,ALPHABET INC,USD,2022Q4,2022Q4,A,1136668.27
160329,2023-03-31,2023,1,INDL,C,D,STD,GOOGL,ALPHABET INC,USD,2023Q1,2023Q1,A,1321244.98
179534,2008-03-31,2008,2,INDL,C,D,STD,V,VISA INC,USD,2008Q1,2008Q2,A,52719.5182
179534,2008-06-30,2008,3,INDL,C,D,STD,V,VISA INC,USD,2008Q2,2008Q3,A,62950.5459
179534,2008-09-30,2008,4,INDL,C,D,STD,V,VISA INC,USD,2008Q3,2008Q4,A,47494.8174
179534,2008-12-31,2009,1,INDL,C,D,STD,V,VISA INC,USD,2008Q4,2009Q1,A,44371.4937
179534,2009-03-31,2009,2,INDL,C,D,STD,V,VISA INC,USD,2009Q1,2009Q2,A,47043.9384
179534,2009-06-30,2009,3,INDL,C,D,STD,V,VISA INC,USD,2009Q2,2009Q3,A,47041.4137
179534,2009-09-30,2009,4,INDL,C,D,STD,V,VISA INC,USD,2009Q3,2009Q4,A,58465.4014
179534,2009-12-31,2010,1,INDL,C,D,STD,V,VISA INC,USD,2009Q4,2010Q1,A,64693.1125
179534,2010-03-31,2010,2,INDL,C,D,STD,V,VISA INC,USD,2010Q1,2010Q2,A,67060.7086
179534,2010-06-30,2010,3,INDL,C,D,STD,V,VISA INC,USD,2010Q2,2010Q3,A,59359.25
179534,2010-09-30,2010,4,INDL,C,D,STD,V,VISA INC,USD,2010Q3,2010Q4,A,53910.9035
179534,2010-12-31,2011,1,INDL,C,D,STD,V,VISA INC,USD,2010Q4,2011Q1,A,50180.8696
179534,2011-03-31,2011,2,INDL,C,D,STD,V,VISA INC,USD,2011Q1,2011Q2,A,61104.6
179534,2011-06-30,2011,3,INDL,C,D,STD,V,VISA INC,USD,2011Q2,2011Q3,A,58188.65
179534,2011-09-30,2011,4,INDL,C,D,STD,V,VISA INC,USD,2011Q3,2011Q4,A,58854.0233
179534,2011-12-31,2012,1,INDL,C,D,STD,V,VISA INC,USD,2011Q4,2012Q1,A,82543.89
179534,2012-03-31,2012,2,INDL,C,D,STD,V,VISA INC,USD,2012Q1,2012Q2,A,96052
179534,2012-06-30,2012,3,INDL,C,D,STD,V,VISA INC,USD,2012Q2,2012Q3,A,100140.3
179534,2012-09-30,2012,4,INDL,C,D,STD,V,VISA INC,USD,2012Q3,2012Q4,A,108901.08
179534,2012-12-31,2013,1,INDL,C,D,STD,V,VISA INC,USD,2012Q4,2013Q1,A,100353.0843
179534,2013-03-31,2013,2,INDL,C,D,STD,V,VISA INC,USD,2013Q1,2013Q2,A,110573.8225
179534,2013-06-30,2013,3,INDL,C,D,STD,V,VISA INC,USD,2013Q2,2013Q3,A,117882.3393
179534,2013-09-30,2013,4,INDL,C,D,STD,V,VISA INC,USD,2013Q3,2013Q4,A,121930.7817
179534,2013-12-31,2014,1,INDL,C,D,STD,V,VISA INC,USD,2013Q4,2014Q1,A,141189.586
179534,2014-03-31,2014,2,INDL,C,D,STD,V,VISA INC,USD,2014Q1,2014Q2,A,135786.0854
179534,2014-06-30,2014,3,INDL,C,D,STD,V,VISA INC,USD,2014Q2,2014Q3,A,131492.9434
179534,2014-09-30,2014,4,INDL,C,D,STD,V,VISA INC,USD,2014Q3,2014Q4,A,132299.4284
179534,2014-12-31,2015,1,INDL,C,D,STD,V,VISA INC,USD,2014Q4,2015Q1,A,162051.9234
179534,2015-03-31,2015,2,INDL,C,D,STD,V,VISA INC,USD,2015Q1,2015Q2,A,160112.7892
179534,2015-06-30,2015,3,INDL,C,D,STD,V,VISA INC,USD,2015Q2,2015Q3,A,163499.0695
179534,2015-09-30,2015,4,INDL,C,D,STD,V,VISA INC,USD,2015Q3,2015Q4,A,169540.8416
179534,2015-12-31,2016,1,INDL,C,D,STD,V,VISA INC,USD,2015Q4,2016Q1,A,186572.3879
179534,2016-03-31,2016,2,INDL,C,D,STD,V,VISA INC,USD,2016Q1,2016Q2,A,182392.0661
179534,2016-06-30,2016,3,INDL,C,D,STD,V,VISA INC,USD,2016Q2,2016Q3,A,175251.3607
179534,2016-09-30,2016,4,INDL,C,D,STD,V,VISA INC,USD,2016Q3,2016Q4,A,193752.3305
179534,2016-12-31,2017,1,INDL,C,D,STD,V,VISA INC,USD,2016Q4,2017Q1,A,181149.4497
179534,2017-03-31,2017,2,INDL,C,D,STD,V,VISA INC,USD,2017Q1,2017Q2,A,205008.2931
179534,2017-06-30,2017,3,INDL,C,D,STD,V,VISA INC,USD,2017Q2,2017Q3,A,214553.0256
179534,2017-09-30,2017,4,INDL,C,D,STD,V,VISA INC,USD,2017Q3,2017Q4,A,239298.2375
179534,2017-12-31,2018,1,INDL,C,D,STD,V,VISA INC,USD,2017Q4,2018Q1,A,257324.1557
179534,2018-03-31,2018,2,INDL,C,D,STD,V,VISA INC,USD,2018Q1,2018Q2,A,268168.1233
179534,2018-06-30,2018,3,INDL,C,D,STD,V,VISA INC,USD,2018Q2,2018Q3,A,295341.4471
179534,2018-09-30,2018,4,INDL,C,D,STD,V,VISA INC,USD,2018Q3,2018Q4,A,333174.81
179534,2018-12-31,2019,1,INDL,C,D,STD,V,VISA INC,USD,2018Q4,2019Q1,A,291037.672
179534,2019-03-31,2019,2,INDL,C,D,STD,V,VISA INC,USD,2019Q1,2019Q2,A,342498.6644
179534,2019-06-30,2019,3,INDL,C,D,STD,V,VISA INC,USD,2019Q2,2019Q3,A,378483.6539
179534,2019-09-30,2019,4,INDL,C,D,STD,V,VISA INC,USD,2019Q3,2019Q4,A,372545.0203
179534,2019-12-31,2020,1,INDL,C,D,STD,V,VISA INC,USD,2019Q4,2020Q1,A,405269.0147
179534,2020-03-31,2020,2,INDL,C,D,STD,V,VISA INC,USD,2020Q1,2020Q2,A,344931.0935
179534,2020-06-30,2020,3,INDL,C,D,STD,V,VISA INC,USD,2020Q2,2020Q3,A,412385.7872
179534,2020-09-30,2020,4,INDL,C,D,STD,V,VISA INC,USD,2020Q3,2020Q4,A,426102.775
179534,2020-12-31,2021,1,INDL,C,D,STD,V,VISA INC,USD,2020Q4,2021Q1,A,468920.7015
179534,2021-03-31,2021,2,INDL,C,D,STD,V,VISA INC,USD,2021Q1,2021Q2,A,453490.407
179534,2021-06-30,2021,3,INDL,C,D,STD,V,VISA INC,USD,2021Q2,2021Q3,A,498699.129
179534,2021-09-30,2021,4,INDL,C,D,STD,V,VISA INC,USD,2021Q3,2021Q4,A,472415.6621
179534,2021-12-31,2022,1,INDL,C,D,STD,V,VISA INC,USD,2021Q4,2022Q1,A,456138.4678
179534,2022-03-31,2022,2,INDL,C,D,STD,V,VISA INC,USD,2022Q1,2022Q2,A,463905.9153
179534,2022-06-30,2022,3,INDL,C,D,STD,V,VISA INC,USD,2022Q2,2022Q3,A,409695.3078
179534,2022-09-30,2022,4,INDL,C,D,STD,V,VISA INC,USD,2022Q3,2022Q4,A,369304.7713
179534,2022-12-31,2023,1,INDL,C,D,STD,V,VISA INC,USD,2022Q4,2023Q1,A,430028.608
179534,2023-03-31,2023,2,INDL,C,D,STD,V,VISA INC,USD,2023Q1,2023Q2,A,465086.4409
